5094,222,285,139,269,257,211,205,220,352,369,2017.11.10,aWkjoCEuCp,187,115
6093,471,437,201,264,156,190,412,206,442,378,2017.11.10,FuaDgGDpCF,135,150
3966,472,174,114,338,450,368,136,151,127,308,2017.11.10,yinUprvvxt,100,127
4354,262,240,420,472,456,381,103,207,391,263,2017.11.10,JgWRsQQKuo,134,101
1857,273,231,468,151,418,318,290,200,379,471,2017.11.10,BbCrOQQMtf,161,107
1021,136,386,231,246,254,296,194,488,346,451,2017.11.10,acLlDIdDdf,187,148
7377,388,343,322,304,304,286,491,404,179,200,2017.11.10,hegdOFugsS,129,180
7046,383,351,478,195,300,120,320,165,392,128,2017.11.10,JNPzNjCmQh,174,105
8986,225,291,398,328,384,479,104,129,216,431,2017.11.10,MEHAguNoDu,148,188
7928,367,448,326,116,356,325,446,464,306,354,2017.11.10,oMKuLeUqbK,105,124
9577,210,217,143,303,342,320,260,349,486,142,2017.11.10,WyruCkTnnE,173,155
7930,397,346,407,158,490,117,347,390,191,149,2017.11.10,DmyysRvEqj,101,109
6934,276,485,355,306,214,129,358,181,245,484,2017.11.10,FTikRJGvRd,101,199
7762,215,465,204,321,265,209,195,478,198,210,2017.11.10,oLRcGRksgy,105,102
5106,247,225,147,321,415,414,147,243,493,116,2017.11.10,LNZAWUdiHc,157,133
8446,301,247,448,116,231,462,140,388,401,127,2017.11.10,CoaexqxDal,191,152
9834,182,128,331,297,418,412,454,377,390,117,2017.11.10,HbEWvJLJbC,164,111
3429,124,307,132,265,244,430,315,220,139,126,2017.11.10,MnqrFktUsz,196,121
7409,223,405,382,340,330,199,170,364,216,218,2017.11.10,YaoiXJrchF,144,167
7528,159,377,185,228,232,241,303,361,327,280,2017.11.10,xcswFiAYLO,183,183
7072,194,275,155,453,442,373,379,383,177,123,2017.11.10,ScsSUnABej,111,148
1695,486,118,471,267,366,434,394,486,395,335,2017.11.10,XLUOqadYmx,184,188
3323,125,236,275,317,179,203,362,393,184,152,2017.11.10,ACPlRWCEyf,113,161
5966,207,354,150,222,436,271,370,495,268,162,2017.11.10,iAxNaeixsx,199,106
4753,136,297,482,467,358,208,358,433,175,375,2017.11.10,uSkWCfCAmU,168,183
2633,185,373,319,105,312,486,362,430,213,430,2017.11.10,EBFqHpkczB,101,113
7068,147,377,489,119,423,464,452,125,349,138,2017.11.10,RjSImndOID,108,145
7496,499,413,297,482,337,337,145,162,406,450,2017.11.10,KWyCFTvOQi,151,153
2328,427,228,198,206,433,386,468,157,169,143,2017.11.10,kGPQDdyeVz,186,182
3804,301,358,432,118,288,297,296,123,496,211,2017.11.10,ncvIQMhSuS,109,106
5592,277,280,334,340,351,438,388,202,332,399,2017.11.10,frBreyUviV,148,138
2917,295,274,231,356,104,376,236,240,256,373,2017.11.10,EcfzJDGXKI,173,174
1888,226,147,315,198,378,275,441,423,398,452,2017.11.10,vSDAKDLDFf,195,172
8036,299,149,121,186,217,204,440,274,484,287,2017.11.10,wWlYBhPJdw,119,106
8670,110,102,363,400,418,269,217,109,290,287,2017.11.10,BJTcoVMFvZ,120,123
7178,221,199,469,243,449,375,206,308,110,273,2017.11.10,SpwECJtHxq,152,113
1815,389,432,224,442,441,319,431,210,331,347,2017.11.10,lzjyPOboMg,171,180
4481,355,161,178,498,158,108,371,116,254,441,2017.11.10,PjANbeHOVe,105,113
3228,146,423,158,226,233,258,438,125,345,219,2017.11.10,OmoIkPsUkT,179,194
9646,424,372,435,399,310,147,303,380,334,244,2017.11.10,HuszwBSjVt,117,171
2576,169,461,475,284,355,306,304,161,327,112,2017.11.10,XfLBehFKSv,161,111
7557,125,287,128,130,335,139,152,409,241,125,2017.11.10,xTAfPwpqkq,119,185
8712,221,284,103,173,374,117,128,187,152,392,2017.11.10,jvZIsAHPuX,159,170
4645,491,485,236,160,446,218,400,496,325,395,2017.11.10,GavCwxZGBv,127,105
8437,269,432,368,295,414,463,273,315,420,203,2017.11.10,gQWHxPuBwi,141,127
1597,330,409,197,342,258,369,167,396,366,433,2017.11.10,BJeHqHBfuI,182,134
1202,486,448,242,333,386,476,260,183,355,109,2017.11.10,tyScHvqido,112,145
3994,454,405,220,383,341,175,237,134,350,109,2017.11.10,lyYpGZVFnd,182,169
6760,421,451,474,249,377,295,398,468,468,360,2017.11.10,XoWGEDtclO,120,163
4183,292,319,331,344,379,401,353,230,449,397,2017.11.10,ccUUuEOjvy,173,119
9144,278,316,413,409,470,354,152,201,475,454,2017.11.10,jPytYCXSZD,151,145
4468,433,104,158,217,127,404,397,178,301,173,2017.11.10,OTgtdckPNF,127,194
9379,433,228,224,448,433,416,481,380,282,385,2017.11.10,sBeFRxLuHb,174,128
6723,363,364,436,102,152,113,320,181,321,142,2017.11.10,oNQEYWPgXL,158,111
5274,319,265,496,357,450,167,216,143,230,261,2017.11.10,RKUCncWlPF,141,106
3012,159,322,206,302,267,202,499,341,162,193,2017.11.10,MlXzHnFCXf,114,157
7232,385,366,104,121,240,135,479,142,339,335,2017.11.10,dsDdkNoJQv,173,143
4295,272,346,482,319,476,271,412,150,432,460,2017.11.10,UcxJGCsIwt,160,129
9259,330,406,212,187,311,371,228,244,425,333,2017.11.10,wSrtyHwaeg,155,171
6073,402,280,136,367,192,357,125,469,338,184,2017.11.10,cIdRZxZNzn,170,160
2068,310,310,303,285,107,397,316,289,341,179,2017.11.10,CBWjSSueaw,117,110
5621,336,166,250,459,192,139,232,338,251,395,2017.11.10,OJWkMaanie,142,111
5127,170,236,105,417,178,233,304,233,355,195,2017.11.10,cSyDfSThpk,150,168
7652,108,371,199,490,239,460,361,200,456,417,2017.11.10,GJwpPijkfC,158,174
3552,364,198,177,285,482,144,100,461,391,197,2017.11.10,fLCEtOcQCH,185,152
5908,310,264,332,392,204,115,274,442,234,167,2017.11.10,voPhMnRpwv,144,187
7318,377,199,253,220,247,291,125,353,472,441,2017.11.10,vLetWkGthF,148,114
5486,368,133,206,287,200,241,231,131,345,468,2017.11.10,NnjHNnRofR,103,155
6554,303,484,381,182,302,296,399,449,177,210,2017.11.10,njFtqBMYPr,100,137
5347,277,196,440,280,176,199,485,416,165,301,2017.11.10,IlFOPMQtVh,127,175
8515,343,193,156,314,296,169,254,156,247,332,2017.11.10,XbogEtxFhS,171,140
7335,259,133,434,310,280,333,347,414,273,310,2017.11.10,mrURPjzhcg,145,158
5701,428,283,303,353,377,167,307,368,159,274,2017.11.10,wydmpDuBQo,128,150
3306,348,169,213,360,376,329,422,275,104,342,2017.11.10,ahoZPGUqBH,188,198
5042,438,304,117,135,144,198,477,206,473,445,2017.11.10,OuCvvXXJYU,159,189
9507,219,290,115,471,155,410,248,100,360,261,2017.11.10,sKrqDZcGLK,199,100
8541,338,132,469,304,289,164,418,252,103,421,2017.11.10,llgmYdmkpz,146,119
5605,476,168,325,459,385,491,370,414,477,343,2017.11.10,nRIdPmqTYv,133,161
3696,297,409,440,145,286,355,319,245,351,480,2017.11.10,EPTPRQZOlP,148,172
8560,281,241,383,228,432,293,483,444,161,450,2017.11.10,ZfLsIkzVzb,132,124
8833,284,105,320,453,435,193,179,441,440,489,2017.11.10,LsnZpJKgpu,164,165
8818,203,109,135,422,471,101,181,272,263,378,2017.11.10,NkobTEsumM,149,171
1368,270,458,380,355,387,498,278,319,153,198,2017.11.10,jhyXRuqXbr,152,114
9637,429,355,474,165,417,464,311,315,390,328,2017.11.10,xrJTuDsqJD,171,136
4485,404,247,271,172,294,320,454,172,404,166,2017.11.10,cjAquwETgp,183,103
4201,402,202,438,356,360,321,187,293,210,278,2017.11.10,uVeggefqqh,180,123
8672,471,313,282,386,314,298,118,304,483,301,2017.11.10,BJxlmBdxlR,128,111
9019,115,188,376,408,448,419,272,474,368,172,2017.11.10,opxlwBwaYB,169,158
3672,339,479,474,472,226,340,387,183,162,148,2017.11.10,LWfkmvbSEC,140,148
4729,127,236,478,435,308,111,467,433,175,133,2017.11.10,mArmdjresY,163,199
9116,170,148,313,325,356,259,220,339,302,438,2017.11.10,HekWSOseko,145,189
9274,468,144,386,152,381,465,374,307,245,260,2017.11.10,vShLqCGrCl,183,136
7504,102,493,294,182,335,195,132,130,139,141,2017.11.10,PCheHohZyp,164,157
4702,427,148,398,492,444,491,497,289,183,238,2017.11.10,scaZubCGou,115,127
8010,434,387,209,422,200,125,145,167,480,130,2017.11.10,inXsnUBfrk,178,169
2846,200,174,177,317,279,465,363,407,416,382,2017.11.10,kjVyQJHLMW,122,198
8408,228,424,370,465,465,149,421,128,340,289,2017.11.10,eaxhgVkrDg,136,179
1540,209,116,241,370,254,168,407,147,291,167,2017.11.10,TTnAVABufW,132,186
4460,356,393,335,121,143,128,155,120,284,444,2017.11.10,NHshaiOJhd,115,172
2016,432,258,130,498,422,136,168,293,139,422,2017.11.10,UdMlVNKQAm,127,152
