67077,1002,5658,160,419,412,416,485,409,154,487,480,391,2017.11.09,jJMPqkDvfK,113,127
28070,1001,8684,117,435,130,274,177,154,235,148,388,149,2017.11.09,AScQkdZCRT,143,135
28367,1002,3051,100,163,346,202,433,322,347,423,277,322,2017.11.09,lDJqnVJBoL,192,138
22502,1001,2904,263,323,329,199,353,322,390,371,287,463,2017.11.09,VdGdbmwKoX,165,136
28312,1002,9271,181,156,279,103,360,386,289,216,124,282,2017.11.09,CAIrDuoVPr,169,155
31809,1001,3235,242,280,212,180,302,151,404,115,314,168,2017.11.09,HnCdLQOKZO,160,143
32597,1002,6189,207,140,387,371,305,489,203,373,381,156,2017.11.09,IOxyyCfXcB,120,152
44911,1001,6474,315,390,229,145,223,223,495,345,323,261,2017.11.09,iBShaqcHHw,158,196
32775,1002,4521,121,325,333,135,390,399,497,182,298,103,2017.11.09,ffAAXJRmKE,122,179
46701,1001,4659,436,497,161,258,241,333,202,387,367,303,2017.11.09,FwtOoZRMNt,161,117
32007,1002,5439,103,198,425,234,254,258,469,462,438,479,2017.11.09,ChCgRaXIkc,139,134
46584,1001,4513,368,261,187,412,129,263,365,195,160,238,2017.11.09,iayqIFvMwB,169,179
61996,1002,3641,309,269,425,258,293,448,130,306,363,154,2017.11.09,oZnFYKjKVT,140,153
60430,1001,1640,456,262,454,405,333,189,421,455,213,448,2017.11.09,YEoYiuAvEn,153,159
47104,1002,7714,315,339,486,188,461,287,200,280,177,133,2017.11.09,pzEIojSRZg,150,153
47543,1001,9711,154,365,347,247,275,390,478,276,309,236,2017.11.09,ELkOwzbyhx,123,178
50254,1002,3843,381,264,302,447,111,288,415,156,217,273,2017.11.09,GpifSWhVuj,108,129
41199,1001,1883,338,483,197,410,401,150,101,434,315,177,2017.11.09,iJtQuHqTJq,102,187
44789,1002,8789,408,402,480,214,283,339,164,152,206,451,2017.11.09,QarOWkWncA,192,150
44354,1001,6135,363,124,319,334,483,139,492,404,286,107,2017.11.09,cgKhZTpvHL,139,112
46484,1002,9412,309,456,456,186,287,232,102,242,132,453,2017.11.09,GCMAwqBOmN,152,121
63945,1001,6885,349,402,462,235,302,201,338,314,361,293,2017.11.09,CkINvGcERf,152,109
40459,1002,6036,111,292,197,443,414,381,376,211,217,449,2017.11.09,GElbVkULBw,184,168
38698,1001,9590,424,293,298,185,367,266,219,228,289,115,2017.11.09,BLcykFpAJO,116,137
53796,1002,5730,331,140,390,270,486,469,356,319,161,211,2017.11.09,VHwzslmwPZ,147,132
39756,1001,5332,307,121,493,291,479,207,272,117,239,117,2017.11.09,QFiKIpEkWw,138,153
72007,1002,6788,105,187,389,264,210,484,493,159,259,175,2017.11.09,JPrkgCmLWU,112,135
62327,1001,8834,134,412,498,387,332,498,304,460,142,449,2017.11.09,bFmjYsGkiC,109,135
76754,1002,7300,449,139,239,491,179,213,423,112,267,455,2017.11.09,WNgLoootsO,194,143
73825,1001,1361,444,207,259,192,143,327,318,248,207,125,2017.11.09,rZATWvwsSP,182,134
34699,1002,4163,150,126,423,323,311,444,371,401,139,412,2017.11.09,lSxbNpwpdb,124,134
31718,1001,1672,291,157,392,165,417,246,200,318,470,173,2017.11.09,wvKiVmBqsS,199,159
69394,1002,5971,309,186,153,107,477,379,237,458,403,111,2017.11.09,IcAOgLVxGi,140,177
57146,1001,4239,446,486,321,457,496,211,288,435,311,448,2017.11.09,JEOhnoRuJd,180,197
46618,1002,7068,469,259,237,167,304,207,333,116,492,494,2017.11.09,zNSrZRWsWQ,104,138
20989,1001,5252,111,347,278,330,108,446,477,350,307,404,2017.11.09,QXwSpyMHGK,131,196
70505,1002,2392,312,328,413,471,351,292,440,472,112,164,2017.11.09,GkJxSBprwG,149,103
22730,1001,3370,289,374,495,324,212,496,394,353,216,292,2017.11.09,weoKHtGJXQ,124,131
75642,1002,2220,229,345,155,253,482,136,401,235,206,268,2017.11.09,ooqBfPFgDG,136,190
52417,1001,1585,134,195,184,323,206,320,297,177,297,124,2017.11.09,sTvDYuoWoS,141,143
76781,1002,8433,344,135,336,392,227,160,369,494,297,326,2017.11.09,hDLZvihmjF,183,166
28224,1001,2904,197,286,351,240,183,244,145,350,420,476,2017.11.09,txPjeUIrQi,153,183
20876,1002,3472,258,181,144,230,161,332,244,176,418,222,2017.11.09,bnVVLtPhjd,163,144
50431,1001,7591,401,192,159,359,389,382,345,365,328,490,2017.11.09,faSDAHhbXA,109,163
79206,1002,4733,396,284,433,496,220,262,293,244,416,376,2017.11.09,EnJtATySIM,127,195
63621,1001,4684,417,122,255,494,357,218,104,385,153,451,2017.11.09,LgpHmTtoUz,152,129
24022,1002,9438,467,397,158,225,158,207,303,431,215,497,2017.11.09,NymblbrTku,155,133
26983,1001,5807,208,300,172,496,106,474,183,226,241,172,2017.11.09,MMeEybqORG,121,147
53428,1002,1734,309,239,361,449,391,238,469,181,445,344,2017.11.09,NGoxigiRLM,105,180
65161,1001,9684,472,262,485,306,140,240,133,497,331,113,2017.11.09,NcqmMybdFh,162,198
49324,1002,4377,359,155,288,253,288,108,486,405,188,314,2017.11.09,yNdpuBWKiK,109,136
23961,1001,2214,446,127,431,183,187,190,405,414,311,329,2017.11.09,RAwHmMmOcu,125,155
70834,1002,8625,373,155,270,261,461,358,367,133,160,241,2017.11.09,IqWVWVbqWB,168,138
64507,1001,8583,131,365,459,405,453,156,135,379,230,156,2017.11.09,RRJNuoQnfd,126,173
54581,1002,1581,175,462,480,137,466,411,170,182,290,459,2017.11.09,fwFMAmiyIB,105,179
31626,1001,2520,111,269,373,496,179,283,324,440,458,310,2017.11.09,gPbqaCrDOH,141,128
43703,1002,5352,109,343,253,490,390,255,295,310,239,150,2017.11.09,UAONwyboZP,196,180
35990,1001,1631,133,114,117,402,215,116,368,300,495,221,2017.11.09,WZFSzMKxrB,126,188
60104,1002,2100,369,160,119,332,318,491,185,197,490,344,2017.11.09,qgZDhvBXCs,197,139
51011,1001,8629,467,436,402,431,239,100,152,493,438,294,2017.11.09,ExVGFOrrxu,182,142
55016,1002,2427,483,444,256,353,294,360,299,258,304,432,2017.11.09,YqBmkabHxf,164,114
43936,1001,2511,492,201,461,407,264,161,433,100,201,216,2017.11.09,OFUTZsDdmU,137,193
67585,1002,2383,491,232,234,125,139,473,240,122,472,239,2017.11.09,qlwMwyIduw,164,160
32833,1001,8988,153,318,284,268,398,336,169,445,315,152,2017.11.09,oXXDedFKKc,121,170
51413,1002,6651,220,486,170,359,380,496,283,390,381,378,2017.11.09,aOTbVBcdzi,114,184
57044,1001,1482,460,431,293,429,431,325,318,257,433,289,2017.11.09,BFdDxhVVnE,159,131
26532,1002,4624,121,444,230,144,161,458,396,405,464,223,2017.11.09,wbnISUJidS,180,140
45676,1001,8916,464,201,372,447,290,254,496,405,248,414,2017.11.09,fgANqUEtMQ,165,162
56262,1002,6953,231,449,100,325,454,254,177,441,325,185,2017.11.09,HlZfNvFFUX,166,134
27272,1001,7661,405,252,350,289,163,190,143,141,411,463,2017.11.09,QjIgTMkVnS,176,195
72197,1002,1934,104,150,154,186,104,402,232,422,479,482,2017.11.09,eMwCOaDCwW,136,111
62023,1001,6097,246,100,102,249,469,208,210,105,118,466,2017.11.09,zDvwcCQuaO,143,174
48914,1002,8477,215,225,370,439,208,251,297,254,127,120,2017.11.09,nuWaRvfZQx,122,101
26858,1001,1002,157,248,117,266,204,250,333,484,156,129,2017.11.09,OYHGNSPZxH,121,125
45898,1002,1156,148,293,460,260,483,124,279,182,100,155,2017.11.09,VTmjRCyhHq,159,174
42213,1001,1856,229,255,469,213,288,388,473,122,453,360,2017.11.09,ylRlBBndhD,180,104
56007,1002,7764,268,298,153,118,177,325,295,439,318,138,2017.11.09,iYRLNzrhLe,188,170
38873,1001,8119,193,110,382,119,340,186,459,404,460,480,2017.11.09,uOPOUfxNBE,111,109
76181,1002,3108,257,260,170,480,391,160,397,287,374,253,2017.11.09,LGMjbuNhMQ,105,106
43462,1001,2968,436,237,314,324,213,212,321,246,439,491,2017.11.09,EgnvFVSZmy,173,158
51001,1002,4288,198,381,178,237,336,446,299,377,271,201,2017.11.09,RsWFYVTDfw,110,132
64124,1001,6884,312,130,284,265,180,429,490,291,136,413,2017.11.09,RGVoyDAxbl,186,109
67431,1002,5266,306,484,320,301,232,110,114,207,462,350,2017.11.09,EDvztjXUBy,148,139
63817,1001,6315,343,199,113,258,313,289,115,309,161,437,2017.11.09,VpmxeXWSKQ,138,156
39158,1002,8934,241,134,136,210,228,291,298,349,345,206,2017.11.09,OeCYvSPqHX,126,123
60214,1001,5391,341,442,253,102,250,341,320,185,101,357,2017.11.09,lWlBXRdgie,150,160
71382,1002,3415,133,342,319,190,112,431,256,368,113,308,2017.11.09,jdZiRImbuz,191,149
69244,1001,7807,479,420,119,282,365,250,438,470,170,413,2017.11.09,bUDfWcAVqc,183,106
36788,1002,5999,180,169,198,261,202,391,422,149,201,195,2017.11.09,uGAzCwGBQM,100,151
67266,1001,1683,474,362,296,456,258,233,173,458,293,121,2017.11.09,lcXzZlTSui,177,140
46398,1002,6618,324,142,294,104,192,341,188,499,392,109,2017.11.09,sffJnkscLJ,142,171
46018,1001,2676,217,234,418,313,144,200,209,196,460,408,2017.11.09,imMrkohXPC,181,125
55841,1002,6094,270,488,230,347,493,344,298,291,405,240,2017.11.09,DKbERnsgfH,141,119
39056,1001,5423,407,414,220,158,139,437,247,190,236,209,2017.11.09,xDglzZZspi,153,166
59427,1002,9916,229,294,219,146,172,262,311,149,490,424,2017.11.09,yUCmPUQNOU,121,138
70178,1001,7409,383,260,398,369,162,404,202,312,107,474,2017.11.09,OtWieclUXL,139,146
57762,1002,9001,113,436,134,494,397,171,468,274,248,380,2017.11.09,VZqZbisymc,133,144
48220,1001,1503,272,381,416,174,290,362,295,398,106,346,2017.11.09,EnSxtKQKni,171,188
56281,1002,6541,122,413,323,119,483,330,274,300,448,403,2017.11.09,lyEtlhVAJf,167,182
31013,1001,1318,137,203,304,345,285,470,175,107,236,283,2017.11.09,bARFMjZhEz,175,170
